abdichten,ab|dich|ten
abisolieren,ab|i|so|lie|ren
ablängen,ab|län|gen
abmanteln,ab|man|teln
abmessen,ab|mes|sen
abrichten,ab|rich|ten
abschmieren,ab|schmie|ren
abstechen,ab|stech|en
absägen,ab|sä|gen
anfahren,an|fah|ren
anfasen,an|fa|sen
anreißen,an|reiß|en
anziehen,an|zieh|en
auslegen,aus|le|gen
ausrichten,aus|rich|ten
bedienen,be|die|nen
berechnen,be|rech|nen
beschichten,be|schich|ten
biegen,bie|gen
bohren,boh|ren
brünieren,brü|nie|ren
bördeln,bör|deln
clinchen,clin|chen
coaten,coat|en
coden,co|den
crimpen,crim|pen
demontieren,de|mon|tie|ren
dimensionieren,di|men|sio|nie|ren
drehen,dre|hen
drücken,drü|cken
dübeln,dü|beln
eichen,ei|chen
eindrücken,ein|drü|cken
einpressen,ein|pres|sen
einrasten,ein|ras|ten
einschlagen,ein|schla|gen
einstellen,ein|stel|len
emaillieren,e|mail|lie|ren
entgraten,ent|gra|ten
entwerfen,ent|wer|fen
erodieren,e|ro|die|ren
falzen,fal|zen
feilen,fei|len
festschrauben,fest|schrau|ben
fetten,fet|ten
flachsenken,flach|sen|ken
fließpressen,fließ|pres|sen
fräsen,frä|sen
fügen,fü|gen
galvanisieren,gal|va|ni|sie|ren
gesenkformen,ge|senk|for|men
gießen,gie|ßen
gleitziehen,gleit|zie|hen
hartlöten,hart|lö|ten
honen,ho|nen
härten,här|ten
justieren,jus|tie|ren
kalibrieren,ka|li|brie|ren
kegelsenken,ke|gel|sen|ken
kleben,kle|ben
klipsen,klip|sen
konfigurieren,kon|fi|gu|rie|ren
kugelstrahlen,ku|gel|strah|len
lackieren,la|ckie|ren
laserschneiden,la|ser|schnei|den
lehren,leh|ren
losschrauben,los|schrau|ben
läppen,läp|pen
lösen,lö|sen
löten,lö|ten
massivumformen,mas|siv|um|for|men
messen,mes|sen
montieren,mon|tie|ren
nibbeln,nib|beln
nieten,nie|ten
oxidieren,o|xi|die|ren
plandrehen,plan|dre|hen
planen,pla|nen
planfräsen,plan|frä|sen
polieren,po|lie|ren
profilieren,pro|fi|lie|ren
programmieren,pro|gram|mie|ren
prüfen,prü|fen
pulverbeschichten,pul|ver|be|schich|ten
richten,rich|ten
rundkneten,rund|kne|ten
räumen,räu|men
rüsten,rüs|ten
sandstrahlen,sand|strah|len
schleifen,schlei|fen
schmieren,schmie|ren
schrauben,schrau|ben
schweißen,schwei|ßen
sintern,sin|tern
spanen,spa|nen
stauchen,stauch|chen
strahlen,strah|len
stranggießen,strang|gie|ßen
strangpressen,strang|pres|sen
streckziehen,streck|zie|hen
sägen,sä|gen
tempern,tem|pern
tiefziehen,tief|zie|hen
umformen,um|for|men
urformen,ur|for|men
vercrimpen,ver|crim|pen
verdrahten,ver|drah|ten
verfahren,ver|fah|ren
verlegen,ver|le|gen
vernieten,ver|nie|ten
verschlauchen,ver|schlau|chen
verschrauben,ver|schrau|ben
verschweißen,ver|schwei|ßen
walzen,wal|zen
warten,war|ten
wasserstrahlschneiden,was|ser|strahl|schnei|den
weichlöten,weich|lö|ten
zerschneiden,zer|schnei|den
zerteilen,zer|tei|len
ölen,ö|len
überholen,ü|ber|ho|len
